mean_fit_time,std_fit_time,mean_score_time,std_score_time,param_model__regressor__learning_rate,param_model__regressor__min_child_samples,param_model__regressor__n_estimators,param_model__regressor__num_leaves,params,split0_test_score,split1_test_score,split2_test_score,split3_test_score,split4_test_score,split5_test_score,split6_test_score,split7_test_score,split8_test_score,split9_test_score,mean_test_score,std_test_score,rank_test_score
357.26835663318633,94.56707277754256,0.5234055519104004,0.09293529331761446,0.06618101782710437,33,370,58,"{'model__regressor__learning_rate': np.float64(0.06618101782710437), 'model__regressor__min_child_samples': 33, 'model__regressor__n_estimators': 370, 'model__regressor__num_leaves': 58}",0.3667905824039652,0.26957227205120116,0.30971893137404083,0.43798926052921006,0.4121142594929449,0.3633290514502062,0.3374587458745876,0.30106902939272884,0.40731342607277177,0.3184617554416811,0.35238173140833373,0.05188964112048637,37
115.0433739900589,47.39363043694199,0.5004103422164917,0.10406653004632668,0.12695365004091538,25,202,34,"{'model__regressor__learning_rate': np.float64(0.12695365004091538), 'model__regressor__min_child_samples': 25, 'model__regressor__n_estimators': 202, 'model__regressor__num_leaves': 34}",0.38818270708199465,0.2834707499018454,0.39455932765675106,0.4279021567823139,0.43198709705542593,0.3267457180500658,0.4057310322370564,0.289840849938132,0.4293193717277487,0.3059179765774592,0.3683656987008793,0.057260680738917685,21
285.85120952129364,90.8158686271826,0.46416411399841306,0.04841798427443009,0.02499623737270043,15,187,51,"{'model__regressor__learning_rate': np.float64(0.02499623737270043), 'model__regressor__min_child_samples': 15, 'model__regressor__n_estimators': 187, 'model__regressor__num_leaves': 51}",0.37879739298010084,0.29722664966528534,0.35233349538162373,0.38909627927964885,0.43960370054458375,0.38526315789473686,0.43792554883868917,0.3951390167556619,0.4013815591882266,0.3692971914363289,0.38460639919648865,0.03901979574386668,7
205.08363270759583,70.31196712123808,0.4943000555038452,0.08019168794585006,0.031430022688291114,7,249,17,"{'model__regressor__learning_rate': np.float64(0.031430022688291114), 'model__regressor__min_child_samples': 7, 'model__regressor__n_estimators': 249, 'model__regressor__num_leaves': 17}",0.378858455996522,0.3482142857142858,0.4105640910620163,0.4459149118368301,0.5091014492753623,0.42605765630849857,0.4580581048693517,0.32874882112543224,0.461915230051294,0.45574216976849746,0.42231751760080904,0.0532335188000719,1
314.25977845191954,29.660769055194308,0.6663411617279053,0.5517634734476695,0.1182998158400237,34,393,17,"{'model__regressor__learning_rate': np.float64(0.1182998158400237), 'model__regressor__min_child_samples': 34, 'model__regressor__n_estimators': 393, 'model__regressor__num_leaves': 17}",0.3512012220524927,0.2842148874464854,0.3921509563870301,0.3510198784365469,0.4777349000563673,0.38792621576299613,0.3796033994334278,0.3264538059973292,0.401021158755571,0.33545590028451433,0.36867823246127607,0.04961671098281615,20
316.9214596748352,49.07007124315082,0.5531446695327759,0.12374827387525568,0.03727374508106509,25,260,27,"{'model__regressor__learning_rate': np.float64(0.03727374508106509), 'model__regressor__min_child_samples': 25, 'model__regressor__n_estimators': 260, 'model__regressor__num_leaves': 27}",0.3347797786938598,0.320959476336075,0.3791048108047773,0.43317750446419623,0.44090115107269234,0.3578766070000615,0.4074825618262524,0.34213300972805216,0.43821382921700414,0.38398432158971785,0.3838613050732689,0.04242938018963762,8
290.8918771982193,25.953938549640387,0.5020303726196289,0.08905342363504681,0.10174797407324213,48,148,42,"{'model__regressor__learning_rate': np.float64(0.10174797407324213), 'model__regressor__min_child_samples': 48, 'model__regressor__n_estimators': 148, 'model__regressor__num_leaves': 42}",0.4065831556503199,0.29579033647884656,0.3708690598890375,0.4284042840428405,0.48670416773203784,0.36662535064257284,0.439971149432824,0.27660355361730604,0.3782618459465529,0.3009222414680961,0.37507351449004345,0.06487674113310168,13
477.1390591621399,48.539333731138065,0.5067968606948853,0.07352916117382893,0.10177793420835692,46,287,31,"{'model__regressor__learning_rate': np.float64(0.10177793420835692), 'model__regressor__min_child_samples': 46, 'model__regressor__n_estimators': 287, 'model__regressor__num_leaves': 31}",0.41325163665167863,0.2848190644307148,0.39030414669373914,0.36784638554216864,0.44492103723922793,0.3677355371900827,0.4395679054283579,0.3203652064405865,0.4301084561206412,0.27219775536297774,0.37311171311001756,0.059620857142741304,17
190.48647990226746,12.527972966969152,0.4814519643783569,0.057632499828516266,0.044915701064545635,48,154,18,"{'model__regressor__learning_rate': np.float64(0.044915701064545635), 'model__regressor__min_child_samples': 48, 'model__regressor__n_estimators': 154, 'model__regressor__num_leaves': 18}",0.33478437518138016,0.33599012327747413,0.42474614811620337,0.39175559128782345,0.5421038023868998,0.4381381224147861,0.41308566675907954,0.3812582258489077,0.4427525837654934,0.4418976759070362,0.4146512314945084,0.05712949569976859,2
235.9813122034073,25.770456511183703,0.499320387840271,0.07214705402350943,0.13899106101044809,11,120,24,"{'model__regressor__learning_rate': np.float64(0.13899106101044809), 'model__regressor__min_child_samples': 11, 'model__regressor__n_estimators': 120, 'model__regressor__num_leaves': 24}",0.3614880417388254,0.27486732888828413,0.40804512078322863,0.35746645381196873,0.421039274157731,0.42512556582129346,0.3660720296196567,0.3516020790841503,0.44638556854503264,0.36328676434795315,0.3775378226798124,0.04694313837835429,11
393.9766415596008,29.521627160937502,0.5468940258026123,0.09857995916697142,0.019757738947791925,8,188,29,"{'model__regressor__learning_rate': np.float64(0.019757738947791925), 'model__regressor__min_child_samples': 8, 'model__regressor__n_estimators': 188, 'model__regressor__num_leaves': 29}",0.3482142857142857,0.3152428810720268,0.43420062249527025,0.42844528168599516,0.5065344749887337,0.4343439596442873,0.4087827704121424,0.3449907144951617,0.4370873141761039,0.4171877021258247,0.40750300068098316,0.05346451374540442,4
182.2376796245575,29.009661311602137,0.5315348625183105,0.09308884721349224,0.13125960221746916,13,152,17,"{'model__regressor__learning_rate': np.float64(0.13125960221746916), 'model__regressor__min_child_samples': 13, 'model__regressor__n_estimators': 152, 'model__regressor__num_leaves': 17}",0.34917560041385076,0.25431043830922373,0.33769179452968645,0.40043975942572585,0.42019845455132476,0.48307051472775964,0.3514764764764765,0.2813074297715936,0.4434083744061098,0.2995823197319504,0.3620661162343702,0.070014585970168,30
488.7630944252014,32.246673301616546,0.5558020114898682,0.10166038863950952,0.11263495397682352,11,363,62,"{'model__regressor__learning_rate': np.float64(0.11263495397682352), 'model__regressor__min_child_samples': 11, 'model__regressor__n_estimators': 363, 'model__regressor__num_leaves': 62}",0.3115090213231273,0.3585350276389102,0.3192717584369449,0.3761226486897902,0.45667198298777245,0.3644965934897805,0.39596367305751756,0.34497450132334906,0.42217306006595146,0.31468091795033015,0.3664399184963473,0.04545511714880553,24
177.1075712442398,20.024484841571567,0.46891937255859373,0.05238273640055016,0.036004698026165814,21,149,55,"{'model__regressor__learning_rate': np.float64(0.036004698026165814), 'model__regressor__min_child_samples': 21, 'model__regressor__n_estimators': 149, 'model__regressor__num_leaves': 55}",0.38805625476294947,0.31306794593846576,0.41677160965337845,0.41610210236461376,0.46120449047943934,0.3888714042928181,0.40049274568847526,0.3064204335129356,0.392372988724186,0.35517411374535024,0.3838534089162612,0.04508660595710709,9
197.90440888404845,61.01029117227528,0.5211795806884766,0.11115481675184774,0.12330421154764785,10,153,57,"{'model__regressor__learning_rate': np.float64(0.12330421154764785), 'model__regressor__min_child_samples': 10, 'model__regressor__n_estimators': 153, 'model__regressor__num_leaves': 57}",0.33450091628198286,0.2867378843147472,0.31649411308896014,0.36727368236736124,0.4654419321685508,0.39843995722463355,0.31902084022494215,0.3462975656134609,0.39508324542494155,0.33135002998016694,0.3560640166689747,0.04931797276344014,33
281.5155178308487,36.196786121565175,0.5088090896606445,0.07638317790084086,0.09515504917299872,33,290,33,"{'model__regressor__learning_rate': np.float64(0.09515504917299872), 'model__regressor__min_child_samples': 33, 'model__regressor__n_estimators': 290, 'model__regressor__num_leaves': 33}",0.369703067599504,0.25416913848790446,0.30392008475858934,0.45607663890802075,0.479515077513464,0.4117350793251071,0.378702909546744,0.30394952091610183,0.39452648692589076,0.2779065915866181,0.3630204595567944,0.07208467220462283,28
322.57337908744813,19.90028146109691,0.5033496618270874,0.07696062885347159,0.1262699235041672,38,301,51,"{'model__regressor__learning_rate': np.float64(0.1262699235041672), 'model__regressor__min_child_samples': 38, 'model__regressor__n_estimators': 301, 'model__regressor__num_leaves': 51}",0.3726116911712479,0.2899753598755026,0.30197258441992647,0.35751237318881146,0.45928208158355666,0.3503640550127576,0.3694352159468438,0.25631753031973536,0.3342774950210222,0.3283407547339541,0.3420089141273358,0.052585072565867745,40
513.4202253818512,88.91856749641785,0.5538856983184814,0.14456753897586663,0.09968499682166276,19,314,55,"{'model__regressor__learning_rate': np.float64(0.09968499682166276), 'model__regressor__min_child_samples': 19, 'model__regressor__n_estimators': 314, 'model__regressor__num_leaves': 55}",0.31920165795638844,0.2553144812759143,0.31899960019546003,0.42309450721703346,0.4506489257279964,0.41515571351123426,0.3316867549232694,0.36165287839170135,0.3678660867272967,0.3706296885655831,0.36142502944918775,0.05523026616045669,31
188.58535306453706,28.0812124156753,0.4807335615158081,0.03745610435078333,0.1366800773017227,49,152,39,"{'model__regressor__learning_rate': np.float64(0.1366800773017227), 'model__regressor__min_child_samples': 49, 'model__regressor__n_estimators': 152, 'model__regressor__num_leaves': 39}",0.3811061768268066,0.2889926617745163,0.38959727861297044,0.4154137482603636,0.4155509317893975,0.42341059173896156,0.37015082658236176,0.2573328635602924,0.3850167564586604,0.3021105050984112,0.3628682340702742,0.05574885522494061,29
259.4483183383942,49.30196741991015,0.5917499542236329,0.13015747009243941,0.0635129990040384,49,140,44,"{'model__regressor__learning_rate': np.float64(0.0635129990040384), 'model__regressor__min_child_samples': 49, 'model__regressor__n_estimators': 140, 'model__regressor__num_leaves': 44}",0.37040697152097735,0.34404292455879504,0.40728286721889606,0.4047056726527338,0.5159734779987943,0.4170813563244994,0.41685468626135735,0.2881715220156259,0.4400307430929169,0.36410256410256414,0.3968652785747161,0.057798145229122855,6
285.6230389356613,29.109367226059884,0.5622871398925782,0.10333396289968226,0.13032954711310596,5,108,39,"{'model__regressor__learning_rate': np.float64(0.13032954711310596), 'model__regressor__min_child_samples': 5, 'model__regressor__n_estimators': 108, 'model__regressor__num_leaves': 39}",0.31053520098553633,0.27319792911190754,0.25953130465197616,0.4215581410578245,0.4141605902403245,0.36101037889208454,0.3466470745391397,0.3356354482669591,0.4092544518832264,0.38020668802743807,0.3511737207656417,0.054430075278066266,38
278.2748072862625,30.6870747975592,0.5554880619049072,0.1023974026716436,0.06923222772633546,12,162,26,"{'model__regressor__learning_rate': np.float64(0.06923222772633546), 'model__regressor__min_child_samples': 12, 'model__regressor__n_estimators': 162, 'model__regressor__num_leaves': 26}",0.3153769481696267,0.2701142997740845,0.37567928730512257,0.3765683318221116,0.42732317112060725,0.41482965931863724,0.4116375073717319,0.2895875050060073,0.44733913186858487,0.33495400162066835,0.3663409843377182,0.05797189252194917,25
327.69404926300047,22.118429605352645,0.4722887516021729,0.05343540115089077,0.039826360613320774,12,262,50,"{'model__regressor__learning_rate': np.float64(0.039826360613320774), 'model__regressor__min_child_samples': 12, 'model__regressor__n_estimators': 262, 'model__regressor__num_leaves': 50}",0.39685501066098083,0.3030479605558045,0.36116765650248683,0.44701548141402436,0.4252965798434145,0.3876890562050064,0.3424288250378066,0.3651107096340489,0.4030145029137273,0.3266331658291457,0.37582589485964457,0.042425323042728266,12
365.8907147169113,44.52836982292333,0.4858046770095825,0.06779819503554604,0.12569055200289186,9,330,56,"{'model__regressor__learning_rate': np.float64(0.12569055200289186), 'model__regressor__min_child_samples': 9, 'model__regressor__n_estimators': 330, 'model__regressor__num_leaves': 56}",0.3325431764307485,0.2852449924273128,0.3570624461956162,0.33691164327002476,0.502712249274631,0.3216519890677194,0.3532076477250016,0.34949063785781875,0.4173384489373626,0.2934117971587513,0.3549575028344987,0.06028701953292152,34
497.4221027851105,59.21944186306111,0.45676002502441404,0.026689260723917793,0.14724395133156712,13,367,49,"{'model__regressor__learning_rate': np.float64(0.14724395133156712), 'model__regressor__min_child_samples': 13, 'model__regressor__n_estimators': 367, 'model__regressor__num_leaves': 49}",0.28510322159436274,0.33268299099020104,0.3546309838248455,0.37108972532170026,0.4338687121244226,0.3772090188909202,0.4278469340710004,0.26652067499677956,0.3910888858854801,0.3034343248586272,0.35434754725583395,0.05426654086703433,35
226.41786148548127,37.072458525115415,0.5445021152496338,0.17601608447412112,0.024311517473561695,27,161,39,"{'model__regressor__learning_rate': np.float64(0.024311517473561695), 'model__regressor__min_child_samples': 27, 'model__regressor__n_estimators': 161, 'model__regressor__num_leaves': 39}",0.3389720092940436,0.29279689993161606,0.4346461246153529,0.4347377198904022,0.5026158900109503,0.3925275969431078,0.4306331757047227,0.34353260562185395,0.47705744864066923,0.3960580298608467,0.40435775005135655,0.06172543145593138,5
351.19398572444913,39.013754051077754,0.4983189821243286,0.06374971443838766,0.10988835349262449,48,313,42,"{'model__regressor__learning_rate': np.float64(0.10988835349262449), 'model__regressor__min_child_samples': 48, 'model__regressor__n_estimators': 313, 'model__regressor__num_leaves': 42}",0.3430676253915037,0.2597878133508591,0.33214500472468,0.34310693608017295,0.4568971401269538,0.4022016378037321,0.3782967032967033,0.27279456864279517,0.37054860442733395,0.338475793375029,0.3497321827219763,0.054790818985251385,39
314.2041713237762,37.95406023325731,0.4857622623443604,0.06248092063101085,0.09418651387715517,39,200,62,"{'model__regressor__learning_rate': np.float64(0.09418651387715517), 'model__regressor__min_child_samples': 39, 'model__regressor__n_estimators': 200, 'model__regressor__num_leaves': 62}",0.37725118483412323,0.2610584700716432,0.3641920062866997,0.43354850318256444,0.44978610715013234,0.40665364501291656,0.369070396516461,0.30479234625741625,0.40259862981337113,0.37677759859258175,0.37457288877179096,0.053716561617160576,14
285.05778710842134,18.81994908459262,0.5206519603729248,0.08478565973255708,0.11698671808344924,5,104,41,"{'model__regressor__learning_rate': np.float64(0.11698671808344924), 'model__regressor__min_child_samples': 5, 'model__regressor__n_estimators': 104, 'model__regressor__num_leaves': 41}",0.4054561105347959,0.3357928568195192,0.33978504019573574,0.35880196924678476,0.39488508578405124,0.424333458505445,0.39046465676588693,0.315913887716336,0.38556933483652767,0.322858567995284,0.36738609684003665,0.03574562901266185,22
396.2475952148437,36.96593989469901,0.6144960880279541,0.17576228376820976,0.045397737962343365,18,382,24,"{'model__regressor__learning_rate': np.float64(0.045397737962343365), 'model__regressor__min_child_samples': 18, 'model__regressor__n_estimators': 382, 'model__regressor__num_leaves': 24}",0.3730261686423617,0.30090888938151195,0.3673407328569257,0.39101399137308135,0.44460150500977014,0.42610762386495216,0.34511873350923483,0.2974250738708315,0.384968040555433,0.3755669069556501,0.37060776660197525,0.044813374139138384,19
180.88390784263612,57.02928468632405,0.4779004335403442,0.042649397172836286,0.1165994334528681,30,141,28,"{'model__regressor__learning_rate': np.float64(0.1165994334528681), 'model__regressor__min_child_samples': 30, 'model__regressor__n_estimators': 141, 'model__regressor__num_leaves': 28}",0.416715770617767,0.3097877592400766,0.34205178050720153,0.4157887597775466,0.37396177999864944,0.39185718759787036,0.3580898268398268,0.2999011062303075,0.4416029745920266,0.3236227559092416,0.3673379701310514,0.04630518421198741,23
358.5993099451065,63.26731952656234,0.5319499015808106,0.09224568685976098,0.04025788035030943,36,330,47,"{'model__regressor__learning_rate': np.float64(0.04025788035030943), 'model__regressor__min_child_samples': 36, 'model__regressor__n_estimators': 330, 'model__regressor__num_leaves': 47}",0.38396624472573837,0.31494176372712146,0.3313194309101539,0.39794857578487774,0.46044874615046194,0.4061178001952489,0.40183865165545263,0.28059661739246244,0.3979748389076404,0.3424690067923811,0.3717621676241539,0.050502876423356914,18
346.9153914213181,50.083234992052645,0.5621938943862915,0.13706075800190967,0.11432741296391911,41,330,60,"{'model__regressor__learning_rate': np.float64(0.11432741296391911), 'model__regressor__min_child_samples': 41, 'model__regressor__n_estimators': 330, 'model__regressor__num_leaves': 60}",0.37303036450936633,0.3097877592400766,0.37232933819697756,0.3670243047952705,0.48047106667796324,0.41247484909456744,0.35000654707345813,0.2802397267630442,0.359802062618508,0.29217565051541705,0.35973416694846494,0.05587516964803371,32
226.30830879211425,69.03726200076784,0.5415498971939087,0.11495267280506355,0.09097616369525097,33,135,28,"{'model__regressor__learning_rate': np.float64(0.09097616369525097), 'model__regressor__min_child_samples': 33, 'model__regressor__n_estimators': 135, 'model__regressor__num_leaves': 28}",0.3405119313774695,0.279934240569915,0.41219497203270017,0.4069343454805211,0.49441232353361797,0.3914788514973757,0.43498452012383904,0.3133380089937704,0.3603936607679157,0.3102882587297867,0.3744471113106912,0.06241737815046503,15
309.9649275064468,25.592293914960468,0.49813659191131593,0.06500898327421964,0.02154698647431895,26,383,17,"{'model__regressor__learning_rate': np.float64(0.02154698647431895), 'model__regressor__min_child_samples': 26, 'model__regressor__n_estimators': 383, 'model__regressor__num_leaves': 17}",0.35736742821211476,0.3214976435022626,0.38733358465109824,0.45313800566006324,0.5058721434770033,0.43939899833055096,0.4643477286730521,0.30962388578882527,0.43146165092662114,0.4460275400721081,0.41160686092936993,0.06147770623014941,3
413.8129026889801,40.73456115531644,0.5329633235931397,0.1001533013201113,0.10365310722006899,10,383,43,"{'model__regressor__learning_rate': np.float64(0.10365310722006899), 'model__regressor__min_child_samples': 10, 'model__regressor__n_estimators': 383, 'model__regressor__num_leaves': 43}",0.3028831840978313,0.34814243192591765,0.3518171926006528,0.37003260105260916,0.4887822591103619,0.33157479837487114,0.3554404833034589,0.3344629309779401,0.41287497262973505,0.3380468992419877,0.3634057753315366,0.0497976362324439,27
224.93968245983123,71.72934543635115,0.5098508596420288,0.06870748428819057,0.04276606558252504,24,385,26,"{'model__regressor__learning_rate': np.float64(0.04276606558252504), 'model__regressor__min_child_samples': 24, 'model__regressor__n_estimators': 385, 'model__regressor__num_leaves': 26}",0.3539217981737298,0.2533023234809312,0.2880720180045011,0.4402555910543131,0.4219403849868022,0.3889246619446234,0.4286459692147143,0.28964670816165516,0.42372662798194705,0.3564771895584289,0.3644913272561646,0.06422056401684009,26
381.604393696785,40.388761023743406,0.45708930492401123,0.020341019756512,0.058651753150791096,32,330,48,"{'model__regressor__learning_rate': np.float64(0.058651753150791096), 'model__regressor__min_child_samples': 32, 'model__regressor__n_estimators': 330, 'model__regressor__num_leaves': 48}",0.35765352887259383,0.2666909637593676,0.37891549566070315,0.43400678697440276,0.4702371532566183,0.4323785472187147,0.38615162265142555,0.2775157754898705,0.38044180338457567,0.3574803916792517,0.3741472068947524,0.06152081152236316,16
197.21173434257508,25.431451634642134,0.4924983739852905,0.058997877484478656,0.0508198374076953,31,220,28,"{'model__regressor__learning_rate': np.float64(0.0508198374076953), 'model__regressor__min_child_samples': 31, 'model__regressor__n_estimators': 220, 'model__regressor__num_leaves': 28}",0.36504349017190607,0.2834707499018454,0.4006723123666688,0.40728286721889606,0.4118782875024969,0.434587922062205,0.37076826983135547,0.3167000193660836,0.4185682231912282,0.3723608445297505,0.3781332986142436,0.04506938016894868,10
100.82322826385499,34.45943066185948,0.37822542190551756,0.07172254635121544,0.1391095874884515,43,297,23,"{'model__regressor__learning_rate': np.float64(0.1391095874884515), 'model__regressor__min_child_samples': 43, 'model__regressor__n_estimators': 297, 'model__regressor__num_leaves': 23}",0.39047314869735816,0.2945532128514057,0.33674230786112447,0.3737351517817862,0.472109046694682,0.3888816219751471,0.3662866027468257,0.26792809839167453,0.3890506191614165,0.25924743443557585,0.35390072445969956,0.062035327496988,36
